data,obiekt,band,max,min,mean,max-min,max_after,min_after,mean_after,max-min_after
2020-03-15,trw,b1,399,133,260.4,266,373.0,155.0,260.13953488372096,218.0
2020-03-15,trw,b2,736,323,484.34444444444443,413,673.0,329.0,482.6046511627907,344.0
2020-03-15,trw,b3,895,406,639.8888888888889,489,883.0,430.0,639.2790697674419,453.0
2020-03-15,trw,b4,1426,700,1040.1222222222223,726,1404.0,767.0,1038.7325581395348,637.0
2020-03-15,trw,b5,1647,917,1247.611111111111,730,1608.0,943.0,1246.139534883721,665.0
2020-03-15,trw,b6,1886,1094,1438.5666666666666,792,1846.0,1114.0,1436.3255813953488,732.0
2020-03-15,trw,b7,2102,1288,1637.5111111111112,814,2063.0,1322.0,1634.8255813953488,741.0
2020-03-15,trw,b8,2536,1590,2000.0111111111112,946,2480.0,1626.0,1997.4767441860465,854.0
2020-03-15,trw,b9,2378,1486,1896.9222222222222,892,2359.0,1541.0,1894.9302325581396,818.0
2020-03-15,trw,b10,3399,2396,2819.311111111111,1003,3305.0,2427.0,2816.5,878.0
2020-03-15,trw,b11,2365,1550,1890.6888888888889,815,2331.0,1588.0,1887.7093023255813,743.0
2020-03-15,trw,b12,2518,1602,2002.2111111111112,916,2430.0,1649.0,2000.453488372093,781.0
2020-03-15,ws,b1,3,0,1.0471698113207548,3,3,0,1.0471698113207548,3
2020-03-15,ws,b2,81,12,47.16981132075472,69,81,12,47.16981132075472,69
2020-03-15,ws,b3,152,48,90.70754716981132,104,131.0,51.0,90.52941176470588,80.0
2020-03-15,ws,b4,109,7,50.783018867924525,102,103.0,12.0,50.509803921568626,91.0
2020-03-15,ws,b5,156,15,72.00943396226415,141,148.0,21.0,71.49019607843137,127.0
2020-03-15,ws,b6,51,0,10.556603773584905,51,51,0,10.556603773584905,51
2020-03-15,ws,b7,64,0,16.31132075471698,64,64,0,16.31132075471698,64
2020-03-15,ws,b8,59,0,14.443396226415095,59,59,0,14.443396226415095,59
2020-03-15,ws,b9,149,0,8.60377358490566,149,92.0,0.0,6.019607843137255,92.0
2020-03-15,ws,b10,70,1,22.632075471698112,69,70,1,22.632075471698112,69
2020-03-15,ws,b11,58,1,20.57547169811321,57,58,1,20.57547169811321,57
2020-03-15,ws,b12,28,0,5.471698113207547,28,28,0,5.471698113207547,28
2020-03-15,wp,b1,376,85,176.93333333333334,291,339.0,86.0,174.4418604651163,253.0
2020-03-15,wp,b2,216,12,91.97777777777777,204,193.0,17.0,91.13953488372093,176.0
2020-03-15,wp,b3,406,31,141.23333333333332,375,296.0,56.0,138.40697674418604,240.0
2020-03-15,wp,b4,432,47,158.16666666666666,385,389.0,57.0,154.80232558139534,332.0
2020-03-15,wp,b5,964,61,312.8666666666667,903,802.0,68.0,305.3837209302326,734.0
2020-03-15,wp,b6,1235,12,321.31111111111113,1223,1026.0,30.0,308.9767441860465,996.0
2020-03-15,wp,b7,1418,0,357.8777777777778,1418,1169.0,36.0,343.7674418604651,1133.0
2020-03-15,wp,b8,1072,80,204.43333333333334,992,698.0,85.0,189.97674418604652,613.0
2020-03-15,wp,b9,2183,758,1418.3444444444444,1425,2070.0,780.0,1416.2906976744187,1290.0
2020-03-15,wp,b10,1798,141,674.9777777777778,1657,1679.0,158.0,662.3720930232558,1521.0
2020-03-15,wp,b11,1282,104,466.9222222222222,1178,1124.0,121.0,457.4186046511628,1003.0
2020-03-15,wp,b12,1599,15,418.0,1584,1253.0,30.0,402.36046511627904,1223.0
2020-03-15,zab,b1,3872,234,833.7053571428571,3638,3572.0,253.0,791.1481481481482,3319.0
2020-03-15,zab,b2,4308,190,1331.669642857143,4118,3526.0,304.0,1300.7685185185185,3222.0
2020-03-15,zab,b3,4100,199,1365.3839285714287,3901,3596.0,391.0,1337.898148148148,3205.0
2020-03-15,zab,b4,3812,201,1532.2857142857142,3611,3638.0,568.0,1514.648148148148,3070.0
2020-03-15,zab,b5,3658,565,1582.107142857143,3093,3170.0,691.0,1564.898148148148,2479.0
2020-03-15,zab,b6,3493,767,1790.8839285714287,2726,3323.0,925.0,1778.4907407407406,2398.0
2020-03-15,zab,b7,3700,872,1861.5267857142858,2828,3430.0,1054.0,1845.787037037037,2376.0
2020-03-15,zab,b8,4396,552,1997.982142857143,3844,3808.0,984.0,1980.5185185185185,2824.0
2020-03-15,zab,b9,5014,1334,2092.4910714285716,3680,4719.0,1370.0,2055.1574074074074,3349.0
2020-03-15,zab,b10,3427,1133,2079.1071428571427,2294,3014.0,1202.0,2074.3981481481483,1812.0
2020-03-15,zab,b11,3383,900,1830.125,2483,2864.0,1023.0,1822.7222222222222,1841.0
2020-03-15,zab,b12,3397,989,1939.6785714285713,2408,3255.0,1086.0,1930.8703703703704,2169.0
2020-03-15,igl,b1,69,1,40.5,68,69,1,40.5,68
2020-03-15,igl,b2,162,39,108.525,123,152.0,53.0,108.94736842105263,99.0
2020-03-15,igl,b3,290,138,211.65,152,265.0,138.0,211.52631578947367,127.0
2020-03-15,igl,b4,249,94,162.05,155,237.0,96.0,161.55263157894737,141.0
2020-03-15,igl,b5,564,295,462.2,269,564.0,362.0,463.92105263157896,202.0
2020-03-15,igl,b6,1308,947,1207.05,361,1305.0,962.0,1211.2368421052631,343.0
2020-03-15,igl,b7,1521,1030,1400.375,491,1521.0,1142.0,1406.9473684210527,379.0
2020-03-15,igl,b8,1801,1191,1549.875,610,1744.0,1318.0,1552.7105263157894,426.0
2020-03-15,igl,b9,1628,1339,1516.8,289,1627.0,1350.0,1518.5526315789473,277.0
2020-03-15,igl,b10,832,548,723.7,284,831.0,573.0,725.4736842105264,258.0
2020-03-15,igl,b11,450,297,383.15,153,449.0,316.0,383.6578947368421,133.0
2020-03-15,igl,b12,1705,1265,1565.375,440,1693.0,1317.0,1569.6052631578948,376.0
2020-03-15,lisc,b1,125,72,104.35,53,125,72,104.35,53
2020-03-15,lisc,b2,289,171,229.825,118,286.0,175.0,229.81578947368422,111.0
2020-03-15,lisc,b3,413,214,302.15,199,356.0,235.0,301.55263157894734,121.0
2020-03-15,lisc,b4,590,342,438.125,248,516.0,352.0,436.6578947368421,164.0
2020-03-15,lisc,b5,817,545,644.925,272,735.0,554.0,643.0263157894736,181.0
2020-03-15,lisc,b6,1065,732,859.35,333,1035.0,732.0,857.2894736842105,303.0
2020-03-15,lisc,b7,1237,829,1009.3,408,1190.0,855.0,1008.0526315789474,335.0
2020-03-15,lisc,b8,1638,1078,1260.375,560,1580.0,1078.0,1255.2368421052631,502.0
2020-03-15,lisc,b9,1368,1053,1225.425,315,1365.0,1082.0,1226.2105263157894,283.0
2020-03-15,lisc,b10,1979,1287,1597.9,692,1884.0,1289.0,1596.0526315789473,595.0
2020-03-15,lisc,b11,1301,868,1059.95,433,1244.0,890.0,1058.657894736842,354.0
2020-03-15,lisc,b12,1612,1042,1261.7,570,1499.0,1099.0,1258.2631578947369,400.0
2020-04-07,trw,b1,232,116,185.1951219512195,116,232.0,118.0,185.74358974358975,114.0
2020-04-07,trw,b2,476,184,323.390243902439,292,469.0,194.0,323.06410256410254,275.0
2020-04-07,trw,b3,833,397,634.7317073170732,436,821.0,419.0,635.8076923076923,402.0
2020-04-07,trw,b4,1076,306,672.7317073170732,770,1032.0,319.0,671.9358974358975,713.0
2020-04-07,trw,b5,1703,752,1243.8658536585365,951,1602.0,789.0,1244.474358974359,813.0
2020-04-07,trw,b6,2721,1252,2165.7073170731705,1469,2688.0,1520.0,2174.9358974358975,1168.0
2020-04-07,trw,b7,3053,1496,2502.9756097560976,1557,3028.0,1800.0,2513.4102564102564,1228.0
2020-04-07,trw,b8,3379,1731,2737.012195121951,1648,3288.0,1997.0,2746.2820512820513,1291.0
2020-04-07,trw,b9,3459,2226,3006.609756097561,1233,3459.0,2425.0,3015.025641025641,1034.0
2020-04-07,trw,b10,3300,1972,2701.0731707317073,1328,3205.0,1980.0,2705.397435897436,1225.0
2020-04-07,trw,b11,1992,1003,1533.9756097560976,989,1925.0,1021.0,1535.7948717948718,904.0
2020-04-07,trw,b12,3522,1998,2940.6951219512193,1524,3448.0,2302.0,2950.371794871795,1146.0
2020-04-07,ws,b1,29,0,11.295454545454545,29,29,0,11.295454545454545,29
2020-04-07,ws,b2,97,16,55.73863636363637,81,97,16,55.73863636363637,81
2020-04-07,ws,b3,162,108,136.14772727272728,54,162,108,136.14772727272728,54
2020-04-07,ws,b4,100,53,76.79545454545455,47,100,53,76.79545454545455,47
2020-04-07,ws,b5,113,51,77.3409090909091,62,113,51,77.3409090909091,62
2020-04-07,ws,b6,98,13,33.125,85,98,13,33.125,85
2020-04-07,ws,b7,83,25,43.375,58,83,25,43.375,58
2020-04-07,ws,b8,87,16,43.67045454545455,71,87,16,43.67045454545455,71
2020-04-07,ws,b9,1271,0,51.81818181818182,1271,271.0,0.0,24.023809523809526,271.0
2020-04-07,ws,b10,69,15,33.86363636363637,54,69,15,33.86363636363637,54
2020-04-07,ws,b11,53,1,26.363636363636363,52,53,1,26.363636363636363,52
2020-04-07,ws,b12,87,6,35.22727272727273,81,87,6,35.22727272727273,81
2020-04-07,wp,b1,189,9,108.20454545454545,180,166.0,13.0,108.89285714285714,153.0
2020-04-07,wp,b2,165,40,82.72727272727273,125,143.0,47.0,81.96428571428571,96.0
2020-04-07,wp,b3,372,102,210.0340909090909,270,290.0,127.0,208.96428571428572,163.0
2020-04-07,wp,b4,290,87,175.9659090909091,203,257.0,93.0,175.45238095238096,164.0
2020-04-07,wp,b5,704,100,292.46590909090907,604,687.0,113.0,287.3333333333333,574.0
2020-04-07,wp,b6,2026,0,448.71590909090907,2026,1561.0,8.0,422.9761904761905,1553.0
2020-04-07,wp,b7,2550,0,501.57954545454544,2550,1515.0,2.0,469.2261904761905,1513.0
2020-04-07,wp,b8,1779,159,337.20454545454544,1620,853.0,167.0,312.23809523809524,686.0
2020-04-07,wp,b9,3940,921,2320.7272727272725,3019,3526.0,1079.0,2320.4166666666665,2447.0
2020-04-07,wp,b10,1484,156,558.2386363636364,1328,1210.0,168.0,545.8095238095239,1042.0
2020-04-07,wp,b11,774,88,300.29545454545456,686,660.0,101.0,294.7857142857143,559.0
2020-04-07,wp,b12,2632,0,570.2159090909091,2632,1865.0,21.0,539.4761904761905,1844.0
2020-04-07,zab,b1,1745,185,516.4285714285714,1560,1435.0,257.0,497.8625,1178.0
2020-04-07,zab,b2,7956,83,1500.7857142857142,7873,5684.0,231.0,1380.8125,5453.0
2020-04-07,zab,b3,8072,404,1641.9642857142858,7668,5824.0,454.0,1519.9125,5370.0
2020-04-07,zab,b4,8304,190,1736.9404761904761,8114,6348.0,405.0,1616.8625,5943.0
2020-04-07,zab,b5,5477,630,1694.1309523809523,4847,5250.0,803.0,1625.35,4447.0
2020-04-07,zab,b6,6070,774,2160.0714285714284,5296,4511.0,1130.0,2111.2875,3381.0
2020-04-07,zab,b7,5415,832,2274.9285714285716,4583,4836.0,1110.0,2234.1125,3726.0
2020-04-07,zab,b8,7537,859,2480.1666666666665,6678,7076.0,959.0,2393.6,6117.0
2020-04-07,zab,b9,3644,1657,2502.440476190476,1987,3369.0,1764.0,2495.0375,1605.0
2020-04-07,zab,b10,5797,1379,2505.8214285714284,4418,5129.0,1403.0,2458.1375,3726.0
2020-04-07,zab,b11,6279,949,2068.6785714285716,5330,4846.0,1061.0,2008.125,3785.0
2020-04-07,zab,b12,5735,1072,2378.095238095238,4663,4310.0,1334.0,2332.9,2976.0
2020-04-07,igl,b1,57,29,42.6063829787234,28,57,29,42.6063829787234,28
2020-04-07,igl,b2,165,63,114.26595744680851,102,150.0,75.0,114.24444444444444,75.0
2020-04-07,igl,b3,363,191,278.3191489361702,172,351.0,220.0,278.22222222222223,131.0
2020-04-07,igl,b4,252,138,184.96808510638297,114,246.0,143.0,184.54444444444445,103.0
2020-04-07,igl,b5,558,403,499.32978723404256,155,557.0,435.0,499.85555555555555,122.0
2020-04-07,igl,b6,1691,1181,1502.8191489361702,510,1665.0,1340.0,1504.6333333333334,325.0
2020-04-07,igl,b7,2016,1400,1770.4255319148936,616,1993.0,1495.0,1772.2777777777778,498.0
2020-04-07,igl,b8,2197,1521,1877.2553191489362,676,2155.0,1574.0,1878.111111111111,581.0
2020-04-07,igl,b9,2120,1784,1970.127659574468,336,2091.0,1841.0,1970.4666666666667,250.0
2020-04-07,igl,b10,909,702,781.0744680851063,207,886.0,715.0,779.9444444444445,171.0
2020-04-07,igl,b11,444,298,347.1808510638298,146,418.0,304.0,346.27777777777777,114.0
2020-04-07,igl,b12,2195,1581,1951.404255319149,614,2156.0,1675.0,1953.5777777777778,481.0
2020-04-07,lisc,b1,75,43,57.88095238095238,32,75,43,57.88095238095238,32
2020-04-07,lisc,b2,198,81,131.29761904761904,117,181.0,87.0,130.9375,94.0
2020-04-07,lisc,b3,386,203,288.8452380952381,183,375.0,212.0,288.6,163.0
2020-04-07,lisc,b4,330,137,226.71428571428572,193,314.0,155.0,226.3625,159.0
2020-04-07,lisc,b5,757,459,626.3333333333334,298,730.0,528.0,626.425,202.0
2020-04-07,lisc,b6,2269,1297,1769.845238095238,972,2172.0,1406.0,1769.9875,766.0
2020-04-07,lisc,b7,2754,1573,2176.4523809523807,1181,2703.0,1630.0,2177.5,1073.0
2020-04-07,lisc,b8,3245,1602,2392.809523809524,1643,3166.0,1837.0,2390.9125,1329.0
2020-04-07,lisc,b9,3084,2137,2588.654761904762,947,3061.0,2161.0,2587.85,900.0
2020-04-07,lisc,b10,1740,1370,1503.392857142857,370,1662.0,1383.0,1500.8,279.0
2020-04-07,lisc,b11,804,615,693.9642857142857,189,791.0,620.0,693.3375,171.0
2020-04-07,lisc,b12,3321,1991,2549.1785714285716,1330,3016.0,2059.0,2547.3375,957.0
2020-05-14,trw,b1,201,154,167.73076923076923,47,201,154,167.73076923076923,47
2020-05-14,trw,b2,298,216,256.9871794871795,82,298,216,256.9871794871795,82
2020-05-14,trw,b3,584,452,531.1666666666666,132,578.0,487.0,531.5131578947369,91.0
2020-05-14,trw,b4,293,209,242.75641025641025,84,293,209,242.75641025641025,84
2020-05-14,trw,b5,973,836,903.025641025641,137,973.0,836.0,902.9868421052631,137.0
2020-05-14,trw,b6,3617,3281,3479.8205128205127,336,3589.0,3293.0,3480.6315789473683,296.0
2020-05-14,trw,b7,4842,4279,4554.948717948718,563,4842.0,4279.0,4554.8026315789475,563.0
2020-05-14,trw,b8,5228,4480,4956.423076923077,748,5196.0,4548.0,4959.118421052632,648.0
2020-05-14,trw,b9,5063,4534,4897.01282051282,529,5063.0,4534.0,4899.605263157895,529.0
2020-05-14,trw,b10,1859,1619,1727.2948717948718,240,1859.0,1640.0,1726.9868421052631,219.0
2020-05-14,trw,b11,821,661,727.7179487179487,160,821.0,676.0,727.3684210526316,145.0
2020-05-14,trw,b12,5125,4547,4855.782051282052,578,5125.0,4584.0,4856.3026315789475,541.0
2020-05-14,ws,b1,150,81,97.04716981132076,69,150,81,97.04716981132076,69
2020-05-14,ws,b2,348,128,161.91509433962264,220,200.0,131.0,160.33333333333334,69.0
2020-05-14,ws,b3,361,141,228.64150943396226,220,308.0,152.0,227.8235294117647,156.0
2020-05-14,ws,b4,223,60,133.9433962264151,163,218.0,72.0,133.58823529411765,146.0
2020-05-14,ws,b5,268,48,138.31132075471697,220,262.0,55.0,137.50980392156862,207.0
2020-05-14,ws,b6,233,18,58.37735849056604,215,112.0,25.0,56.85294117647059,87.0
2020-05-14,ws,b7,310,16,63.613207547169814,294,110.0,30.0,61.588235294117645,80.0
2020-05-14,ws,b8,366,28,60.424528301886795,338,112.0,32.0,57.51960784313726,80.0
2020-05-14,ws,b9,297,3,45.91509433962264,294,165.0,8.0,42.38235294117647,157.0
2020-05-14,ws,b10,200,17,36.45283018867924,183,70.0,18.0,34.833333333333336,52.0
2020-05-14,ws,b11,154,12,28.556603773584907,142,54.0,14.0,27.323529411764707,40.0
2020-05-14,ws,b12,351,16,45.198113207547166,335,91.0,18.0,42.28431372549019,73.0
2020-05-14,wp,b1,554,126,267.03061224489795,428,444.0,131.0,265.09574468085106,313.0
2020-05-14,wp,b2,363,81,187.40816326530611,282,292.0,126.0,186.43617021276594,166.0
2020-05-14,wp,b3,486,145,250.6734693877551,341,422.0,163.0,248.2872340425532,259.0
2020-05-14,wp,b4,575,107,212.01020408163265,468,420.0,119.0,208.01063829787233,301.0
2020-05-14,wp,b5,890,52,365.9387755102041,838,764.0,131.0,361.6489361702128,633.0
2020-05-14,wp,b6,1764,0,459.0816326530612,1764,1276.0,77.0,445.67021276595744,1199.0
2020-05-14,wp,b7,2025,37,524.1530612244898,1988,1406.0,55.0,506.3829787234043,1351.0
2020-05-14,wp,b8,1294,120,326.8775510204082,1174,1118.0,135.0,311.09574468085106,983.0
2020-05-14,wp,b9,3464,542,1837.6326530612246,2922,3394.0,645.0,1829.9787234042553,2749.0
2020-05-14,wp,b10,1713,154,668.8265306122449,1559,1488.0,164.0,659.0212765957447,1324.0
2020-05-14,wp,b11,1141,120,463.11224489795916,1021,980.0,139.0,456.2659574468085,841.0
2020-05-14,wp,b12,2212,51,566.6428571428571,2161,1646.0,67.0,546.468085106383,1579.0
2020-05-14,zab,b1,1391,301,686.359649122807,1090,1386.0,361.0,680.5545454545454,1025.0
2020-05-14,zab,b2,4068,267,1394.280701754386,3801,3486.0,372.0,1367.8727272727272,3114.0
2020-05-14,zab,b3,4184,388,1529.4122807017543,3796,3506.0,484.0,1506.8545454545454,3022.0
2020-05-14,zab,b4,4188,311,1650.280701754386,3877,3654.0,545.0,1629.009090909091,3109.0
2020-05-14,zab,b5,3635,879,1740.5526315789473,2756,3082.0,936.0,1723.2363636363636,2146.0
2020-05-14,zab,b6,3539,1110,2134.2105263157896,2429,3407.0,1333.0,2125.836363636364,2074.0
2020-05-14,zab,b7,3689,1261,2286.0175438596493,2428,3544.0,1352.0,2279.909090909091,2192.0
2020-05-14,zab,b8,4644,1064,2413.6140350877195,3580,4100.0,1120.0,2400.2727272727275,2980.0
2020-05-14,zab,b9,3973,1666,2659.5526315789475,2307,3624.0,1864.0,2656.7181818181816,1760.0
2020-05-14,zab,b10,4288,1414,2625.7105263157896,2874,3901.0,1440.0,2620.8545454545456,2461.0
2020-05-14,zab,b11,3949,1029,2327.0,2920,3600.0,1052.0,2321.1272727272726,2548.0
2020-05-14,zab,b12,3621,1288,2383.7982456140353,2333,3447.0,1450.0,2380.2363636363634,1997.0
2020-05-14,igl,b1,233,126,168.22321428571428,107,227.0,133.0,167.75,94.0
2020-05-14,igl,b2,301,181,231.3125,120,289.0,187.0,231.02777777777777,102.0
2020-05-14,igl,b3,444,276,364.36607142857144,168,433.0,299.0,364.5833333333333,134.0
2020-05-14,igl,b4,365,187,257.64285714285717,178,345.0,199.0,257.02777777777777,146.0
2020-05-14,igl,b5,753,484,609.2857142857143,269,718.0,494.0,609.0925925925926,224.0
2020-05-14,igl,b6,1676,1222,1453.5982142857142,454,1606.0,1271.0,1453.712962962963,335.0
2020-05-14,igl,b7,1933,1485,1685.5892857142858,448,1887.0,1488.0,1684.962962962963,399.0
2020-05-14,igl,b8,2168,1396,1858.4642857142858,772,2119.0,1588.0,1860.9259259259259,531.0
2020-05-14,igl,b9,2064,1680,1864.625,384,2028.0,1703.0,1864.2777777777778,325.0
2020-05-14,igl,b10,1259,764,999.1875,495,1194.0,801.0,998.4444444444445,393.0
2020-05-14,igl,b11,713,385,526.6875,328,646.0,412.0,525.8796296296297,234.0
2020-05-14,igl,b12,2114,1605,1846.75,509,2012.0,1652.0,1846.712962962963,360.0
2020-05-14,lisc,b1,267,111,161.7843137254902,156,242.0,119.0,160.8469387755102,123.0
2020-05-14,lisc,b2,375,187,253.7058823529412,188,354.0,194.0,252.58163265306123,160.0
2020-05-14,lisc,b3,630,376,499.078431372549,254,587.0,407.0,499.07142857142856,180.0
2020-05-14,lisc,b4,569,184,291.2549019607843,385,465.0,201.0,288.2244897959184,264.0
2020-05-14,lisc,b5,1041,680,906.0490196078431,361,1022.0,765.0,907.1632653061224,257.0
2020-05-14,lisc,b6,2547,1775,2149.5392156862745,772,2501.0,1828.0,2149.0204081632655,673.0
2020-05-14,lisc,b7,2926,1969,2425.401960784314,957,2768.0,2064.0,2424.4897959183672,704.0
2020-05-14,lisc,b8,3436,1848,2689.098039215686,1588,3138.0,2255.0,2689.5204081632655,883.0
2020-05-14,lisc,b9,3078,2224,2694.274509803922,854,3064.0,2343.0,2695.061224489796,721.0
2020-05-14,lisc,b10,2138,1068,1687.5980392156862,1070,2042.0,1222.0,1689.8979591836735,820.0
2020-05-14,lisc,b11,1300,517,867.9215686274509,783,1159.0,608.0,866.3163265306123,551.0
2020-05-14,lisc,b12,3133,2189,2674.7450980392155,944,3110.0,2319.0,2674.816326530612,791.0
2020-06-01,trw,b1,468,224,276.2073170731707,244,400.0,224.0,273.4871794871795,176.0
2020-06-01,trw,b2,303,174,225.96341463414635,129,274.0,194.0,225.30769230769232,80.0
2020-06-01,trw,b3,650,439,530.560975609756,211,597.0,450.0,530.1153846153846,147.0
2020-06-01,trw,b4,385,213,263.609756097561,172,337.0,226.0,262.14102564102564,111.0
2020-06-01,trw,b5,1294,830,964.3658536585366,464,1086.0,851.0,961.7948717948718,235.0
2020-06-01,trw,b6,3475,2666,3143.0243902439024,809,3471.0,2710.0,3146.74358974359,761.0
2020-06-01,trw,b7,4300,3137,3766.487804878049,1163,4190.0,3263.0,3768.948717948718,927.0
2020-06-01,trw,b8,4608,3392,4054.170731707317,1216,4572.0,3476.0,4056.641025641026,1096.0
2020-06-01,trw,b9,4421,3356,3984.0365853658536,1065,4421.0,3395.0,3988.9358974358975,1026.0
2020-06-01,trw,b10,1903,1339,1586.2317073170732,564,1836.0,1393.0,1585.1025641025642,443.0
2020-06-01,trw,b11,1110,610,734.829268292683,500,872.0,619.0,731.2435897435897,253.0
2020-06-01,trw,b12,4564,3373,4056.5731707317073,1191,4426.0,3562.0,4061.0897435897436,864.0
2020-06-01,ws,b1,491,365,411.92045454545456,126,490.0,370.0,411.10714285714283,120.0
2020-06-01,ws,b2,547,281,394.6818181818182,266,508.0,323.0,393.7142857142857,185.0
2020-06-01,ws,b3,620,326,460.8863636363636,294,601.0,389.0,459.9761904761905,212.0
2020-06-01,ws,b4,519,259,386.57954545454544,260,510.0,311.0,386.10714285714283,199.0
2020-06-01,ws,b5,543,280,392.29545454545456,263,522.0,309.0,391.25,213.0
2020-06-01,ws,b6,530,274,389.57954545454544,256,522.0,306.0,388.9404761904762,216.0
2020-06-01,ws,b7,553,291,399.89772727272725,262,531.0,322.0,398.73809523809524,209.0
2020-06-01,ws,b8,530,247,366.46590909090907,283,499.0,281.0,365.1547619047619,218.0
2020-06-01,ws,b9,1756,335,445.96590909090907,1421,734.0,350.0,429.4047619047619,384.0
2020-06-01,ws,b10,467,246,335.70454545454544,221,440.0,266.0,334.5,174.0
2020-06-01,ws,b11,406,213,303.57954545454544,193,398.0,246.0,303.29761904761904,152.0
2020-06-01,ws,b12,567,309,400.84090909090907,258,514.0,311.0,399.20238095238096,203.0
2020-06-01,wp,b1,570,255,389.43243243243245,315,570.0,255.0,388.7916666666667,315.0
2020-06-01,wp,b2,641,214,364.4189189189189,427,634.0,214.0,362.6666666666667,420.0
2020-06-01,wp,b3,739,256,450.86486486486484,483,727.0,256.0,449.56944444444446,471.0
2020-06-01,wp,b4,705,202,394.2027027027027,503,683.0,202.0,392.55555555555554,481.0
2020-06-01,wp,b5,993,429,666.3513513513514,564,993.0,429.0,665.1111111111111,564.0
2020-06-01,wp,b6,2192,495,1102.9864864864865,1697,1908.0,495.0,1096.3055555555557,1413.0
2020-06-01,wp,b7,2639,734,1239.7432432432433,1905,2478.0,734.0,1227.3333333333333,1744.0
2020-06-01,wp,b8,2864,538,908.1621621621622,2326,1560.0,538.0,886.1388888888889,1022.0
2020-06-01,wp,b9,3345,1667,2473.945945945946,1678,3344.0,1667.0,2473.0555555555557,1677.0
2020-06-01,wp,b10,1719,548,1101.4864864864865,1171,1686.0,548.0,1100.5972222222222,1138.0
2020-06-01,wp,b11,1048,355,648.8783783783783,693,1048.0,355.0,647.4166666666666,693.0
2020-06-01,wp,b12,2830,535,1355.4324324324325,2295,2386.0,577.0,1346.3472222222222,1809.0
2020-06-01,zab,b1,1435,348,656.797619047619,1087,1435.0,392.0,645.0625,1043.0
2020-06-01,zab,b2,5804,351,1404.7857142857142,5453,3416.0,502.0,1338.8625,2914.0
2020-06-01,zab,b3,5644,591,1583.547619047619,5053,4300.0,647.0,1522.1625,3653.0
2020-06-01,zab,b4,5244,555,1642.654761904762,4689,4244.0,658.0,1591.075,3586.0
2020-06-01,zab,b5,3864,948,1737.452380952381,2916,3478.0,978.0,1704.025,2500.0
2020-06-01,zab,b6,3655,1290,2231.75,2365,3547.0,1540.0,2219.1875,2007.0
2020-06-01,zab,b7,3741,1519,2415.690476190476,2222,3537.0,1582.0,2405.9625,1955.0
2020-06-01,zab,b8,5428,1116,2532.3571428571427,4312,4176.0,1552.0,2502.975,2624.0
2020-06-01,zab,b9,3749,2073,2762.5833333333335,1676,3666.0,2182.0,2755.1625,1484.0
2020-06-01,zab,b10,4636,1655,2532.059523809524,2981,3968.0,1797.0,2503.05,2171.0
2020-06-01,zab,b11,5120,1166,2174.7619047619046,3954,4548.0,1322.0,2129.5125,3226.0
2020-06-01,zab,b12,3949,1475,2526.2976190476193,2474,3578.0,1694.0,2516.55,1884.0
2020-06-01,igl,b1,238,184,202.95652173913044,54,238,184,202.95652173913044,54
2020-06-01,igl,b2,297,190,239.31521739130434,107,279.0,201.0,239.0909090909091,78.0
2020-06-01,igl,b3,473,353,399.9891304347826,120,455.0,355.0,399.5,100.0
2020-06-01,igl,b4,375,224,276.1847826086956,151,351.0,230.0,275.15909090909093,121.0
2020-06-01,igl,b5,745,550,622.5108695652174,195,694.0,569.0,621.5681818181819,125.0
2020-06-01,igl,b6,1802,1297,1488.1195652173913,505,1678.0,1345.0,1485.3181818181818,333.0
2020-06-01,igl,b7,2087,1495,1687.8369565217392,592,1957.0,1505.0,1684.215909090909,452.0
2020-06-01,igl,b8,2320,1620,1832.1739130434783,700,2064.0,1668.0,1828.4545454545455,396.0
2020-06-01,igl,b9,2125,1751,1877.4347826086957,374,2088.0,1763.0,1874.659090909091,325.0
2020-06-01,igl,b10,1315,937,1081.2717391304348,378,1278.0,965.0,1079.3636363636363,313.0
2020-06-01,igl,b11,739,474,562.945652173913,265,680.0,486.0,561.3295454545455,194.0
2020-06-01,igl,b12,2235,1607,1848.1195652173913,628,2100.0,1665.0,1844.4886363636363,435.0
2020-06-01,lisc,b1,256,187,230.58536585365854,69,256,187,230.58536585365854,69
2020-06-01,lisc,b2,306,212,255.41463414634146,94,306,212,255.41463414634146,94
2020-06-01,lisc,b3,525,405,474.0243902439024,120,518.0,410.0,474.44871794871796,108.0
2020-06-01,lisc,b4,279,186,214.4390243902439,93,279,186,214.4390243902439,93
2020-06-01,lisc,b5,819,682,753.060975609756,137,809.0,696.0,753.1025641025641,113.0
2020-06-01,lisc,b6,2873,2163,2581.2804878048782,710,2833.0,2327.0,2584.0641025641025,506.0
2020-06-01,lisc,b7,3458,2519,2996.9024390243903,939,3310.0,2696.0,2997.397435897436,614.0
2020-06-01,lisc,b8,3764,2658,3272.4634146341464,1106,3624.0,2818.0,3274.2051282051284,806.0
2020-06-01,lisc,b9,3537,2956,3288.1341463414633,581,3489.0,3052.0,3290.269230769231,437.0
2020-06-01,lisc,b10,1436,1235,1334.5975609756097,201,1409.0,1263.0,1334.7051282051282,146.0
2020-06-01,lisc,b11,638,540,587.9756097560976,98,638,540,587.9756097560976,98
2020-06-01,lisc,b12,3603,2791,3211.670731707317,812,3498.0,2850.0,3212.4358974358975,648.0
2020-07-18,trw,b1,329,245,285.1203703703704,84,329,245,285.1203703703704,84
2020-07-18,trw,b2,372,258,311.93518518518516,114,363.0,268.0,311.75,95.0
2020-07-18,trw,b3,704,546,620.4907407407408,158,688.0,558.0,620.2884615384615,130.0
2020-07-18,trw,b4,498,248,366.5,250,475.0,258.0,366.3269230769231,217.0
2020-07-18,trw,b5,1211,903,1084.9351851851852,308,1194.0,936.0,1085.8173076923076,258.0
2020-07-18,trw,b6,4302,1899,2856.175925925926,2403,4204.0,2228.0,2844.125,1976.0
2020-07-18,trw,b7,5393,2145,3371.1574074074074,3248,5272.0,2549.0,3353.0865384615386,2723.0
2020-07-18,trw,b8,5557,2170,3502.2314814814813,3387,5412.0,2666.0,3485.451923076923,2746.0
2020-07-18,trw,b9,5728,2682,3719.0185185185187,3046,5621.0,2941.0,3699.423076923077,2680.0
2020-07-18,trw,b10,2114,1675,1944.4907407407406,439,2081.0,1770.0,1946.3846153846155,311.0
2020-07-18,trw,b11,1092,732,900.7129629629629,360,1051.0,750.0,900.625,301.0
2020-07-18,trw,b12,5688,2386,3690.6574074074074,3302,5649.0,2824.0,3673.548076923077,2825.0
2020-07-18,ws,b1,293,191,240.16346153846155,102,290.0,194.0,240.08,96.0
2020-07-18,ws,b2,406,182,303.875,224,404.0,189.0,304.23,215.0
2020-07-18,ws,b3,660,339,531.2307692307693,321,656.0,361.0,532.39,295.0
2020-07-18,ws,b4,380,160,271.6826923076923,220,372.0,165.0,271.75,207.0
2020-07-18,ws,b5,553,129,276.4519230769231,424,548.0,133.0,273.89,415.0
2020-07-18,ws,b6,204,66,111.27884615384616,138,180.0,69.0,110.43,111.0
2020-07-18,ws,b7,256,66,116.59615384615384,190,190.0,70.0,115.28,120.0
2020-07-18,ws,b8,202,64,103.83653846153847,138,179.0,64.0,102.84,115.0
2020-07-18,ws,b9,257,25,87.17307692307692,232,246.0,39.0,84.94,207.0
2020-07-18,ws,b10,111,37,63.05769230769231,74,111.0,37.0,63.05769230769231,74.0
2020-07-18,ws,b11,88,17,46.10576923076923,71,88.0,17.0,46.10576923076923,71.0
2020-07-18,ws,b12,175,43,86.83653846153847,132,149.0,46.0,86.12,103.0
2020-07-18,wp,b1,393,263,305.4047619047619,130,366.0,263.0,304.275,103.0
2020-07-18,wp,b2,290,133,181.95238095238096,157,225.0,137.0,180.95,88.0
2020-07-18,wp,b3,508,153,231.45238095238096,355,294.0,156.0,229.1625,138.0
2020-07-18,wp,b4,279,100,176.01190476190476,179,269.0,119.0,175.2625,150.0
2020-07-18,wp,b5,656,210,417.14285714285717,446,614.0,213.0,416.825,401.0
2020-07-18,wp,b6,1828,200,948.2619047619048,1628,1731.0,343.0,945.5375,1388.0
2020-07-18,wp,b7,2184,301,1121.9761904761904,1883,1864.0,342.0,1117.125,1522.0
2020-07-18,wp,b8,2807,268,585.0595238095239,2539,1112.0,314.0,555.15,798.0
2020-07-18,wp,b9,4093,1977,2957.214285714286,2116,4090.0,2010.0,2953.325,2080.0
2020-07-18,wp,b10,1248,352,778.8571428571429,896,1232.0,390.0,778.0,842.0
2020-07-18,wp,b11,762,176,365.6666666666667,586,729.0,181.0,360.4375,548.0
2020-07-18,wp,b12,2476,413,1234.202380952381,2063,2118.0,420.0,1227.8625,1698.0
2020-07-18,zab,b1,1665,387,651.5431034482758,1278,1079.0,412.0,641.5714285714286,667.0
2020-07-18,zab,b2,6712,324,1495.0344827586207,6388,6624.0,386.0,1422.5,6238.0
2020-07-18,zab,b3,7256,430,1645.9655172413793,6826,6664.0,581.0,1572.7589285714287,6083.0
2020-07-18,zab,b4,8060,429,1690.155172413793,7631,6420.0,437.0,1613.5,5983.0
2020-07-18,zab,b5,5163,1010,1736.3706896551723,4153,4258.0,1015.0,1688.330357142857,3243.0
2020-07-18,zab,b6,6214,1355,2385.198275862069,4859,4576.0,1421.0,2338.4821428571427,3155.0
2020-07-18,zab,b7,5689,1592,2555.4827586206898,4097,4502.0,1630.0,2519.3035714285716,2872.0
2020-07-18,zab,b8,8880,962,2610.7758620689656,7918,6997.0,1174.0,2543.3035714285716,5823.0
2020-07-18,zab,b9,4287,2119,3087.189655172414,2168,4260.0,2261.0,3083.2946428571427,1999.0
2020-07-18,zab,b10,7527,1484,2730.2844827586205,6043,4868.0,1637.0,2671.8839285714284,3231.0
2020-07-18,zab,b11,7252,1041,2231.5258620689656,6211,4902.0,1060.0,2164.25,3842.0
2020-07-18,zab,b12,5673,1613,2750.0344827586205,4060,4633.0,1636.0,2718.8571428571427,2997.0
2020-07-18,igl,b1,312,239,257.4140625,73,312,239,257.4140625,73
2020-07-18,igl,b2,317,218,264.2421875,99,317,218,264.2421875,99
2020-07-18,igl,b3,494,343,407.609375,151,456.0,358.0,407.54918032786884,98.0
2020-07-18,igl,b4,346,204,256.4609375,142,296.0,217.0,256.1639344262295,79.0
2020-07-18,igl,b5,733,556,637.359375,177,706.0,569.0,637.2049180327868,137.0
2020-07-18,igl,b6,2068,1510,1738.2109375,558,1872.0,1586.0,1737.1967213114754,286.0
2020-07-18,igl,b7,2514,1767,2044.6171875,747,2210.0,1873.0,2042.9590163934427,337.0
2020-07-18,igl,b8,2484,1737,2109.984375,747,2338.0,1858.0,2111.032786885246,480.0
2020-07-18,igl,b9,2631,2049,2230.2265625,582,2382.0,2092.0,2227.565573770492,290.0
2020-07-18,igl,b10,1232,849,1001.1171875,383,1180.0,893.0,998.9344262295082,287.0
2020-07-18,igl,b11,687,391,471.703125,296,572.0,404.0,469.7049180327869,168.0
2020-07-18,igl,b12,2672,1860,2208.5546875,812,2406.0,2006.0,2207.5737704918033,400.0
2020-07-18,lisc,b1,267,182,219.76041666666666,85,267,182,219.76041666666666,85
2020-07-18,lisc,b2,303,164,220.55208333333334,139,281.0,183.0,220.1413043478261,98.0
2020-07-18,lisc,b3,491,311,403.1041666666667,180,485.0,341.0,403.0652173913044,144.0
2020-07-18,lisc,b4,247,156,201.14583333333334,91,247,156,201.14583333333334,91
2020-07-18,lisc,b5,829,554,689.2083333333334,275,793.0,580.0,688.9673913043479,213.0
2020-07-18,lisc,b6,3428,2267,2901.40625,1161,3336.0,2441.0,2903.141304347826,895.0
2020-07-18,lisc,b7,4442,2926,3711.0,1516,4304.0,2981.0,3713.1304347826085,1323.0
2020-07-18,lisc,b8,4732,2886,3840.4166666666665,1846,4564.0,3096.0,3842.7608695652175,1468.0
2020-07-18,lisc,b9,4639,3221,4040.4583333333335,1418,4583.0,3367.0,4044.4021739130435,1216.0
2020-07-18,lisc,b10,1783,1286,1567.7708333333333,497,1763.0,1352.0,1568.945652173913,411.0
2020-07-18,lisc,b11,719,519,625.3020833333334,200,710.0,533.0,625.5326086956521,177.0
2020-07-18,lisc,b12,4719,3180,4019.4166666666665,1539,4657.0,3316.0,4022.782608695652,1341.0
2020-08-07,trw,b1,323,237,279.14516129032256,86,323,237,279.14516129032256,86
2020-08-07,trw,b2,355,246,299.43548387096774,109,339.0,257.0,299.4406779661017,82.0
2020-08-07,trw,b3,794,533,639.516129032258,261,765.0,559.0,638.4661016949152,206.0
2020-08-07,trw,b4,470,248,344.31451612903226,222,451.0,274.0,343.4406779661017,177.0
2020-08-07,trw,b5,1419,897,1137.1612903225807,522,1297.0,961.0,1137.0254237288136,336.0
2020-08-07,trw,b6,4742,2244,3434.548387096774,2498,4612.0,2354.0,3431.423728813559,2258.0
2020-08-07,trw,b7,5891,2695,4177.443548387097,3196,5716.0,2764.0,4172.127118644068,2952.0
2020-08-07,trw,b8,5972,2740,4225.346774193548,3232,5788.0,2810.0,4220.033898305085,2978.0
2020-08-07,trw,b9,6132,3080,4537.467741935484,3052,6007.0,3124.0,4534.483050847458,2883.0
2020-08-07,trw,b10,2593,1721,2129.3225806451615,872,2556.0,1809.0,2126.8474576271187,747.0
2020-08-07,trw,b11,1230,756,974.8790322580645,474,1197.0,771.0,974.0762711864406,426.0
2020-08-07,trw,b12,6246,2987,4561.967741935484,3259,6069.0,3106.0,4559.466101694915,2963.0
2020-08-07,ws,b1,243,169,215.89,74,243,169,215.89,74
2020-08-07,ws,b2,256,179,215.47,77,256,179,215.47,77
2020-08-07,ws,b3,406,257,319.85,149,405.0,260.0,319.3541666666667,145.0
2020-08-07,ws,b4,286,130,189.49,156,285.0,135.0,188.66666666666666,150.0
2020-08-07,ws,b5,404,123,223.68,281,401.0,127.0,222.01041666666666,274.0
2020-08-07,ws,b6,345,108,168.68,237,272.0,114.0,166.77083333333334,158.0
2020-08-07,ws,b7,343,120,181.2,223,287.0,121.0,179.34375,166.0
2020-08-07,ws,b8,279,107,158.49,172,252.0,109.0,157.27083333333334,143.0
2020-08-07,ws,b9,685,39,108.91,646,333.0,44.0,99.65625,289.0
2020-08-07,ws,b10,159,31,81.63,128,149.0,50.0,80.96875,99.0
2020-08-07,ws,b11,99,28,52.02,71,99,28,52.02,71
2020-08-07,ws,b12,298,102,155.76,196,268.0,102.0,153.94791666666666,166.0
2020-08-07,wp,b1,399,227,291.53333333333336,172,396.0,235.0,290.5232558139535,161.0
2020-08-07,wp,b2,248,112,176.24444444444444,136,245.0,123.0,175.98837209302326,122.0
2020-08-07,wp,b3,415,158,238.8111111111111,257,369.0,170.0,236.63953488372093,199.0
2020-08-07,wp,b4,421,108,175.95555555555555,313,354.0,117.0,171.93023255813952,237.0
2020-08-07,wp,b5,858,96,407.06666666666666,762,736.0,141.0,404.6046511627907,595.0
2020-08-07,wp,b6,2023,112,917.0888888888888,1911,1896.0,165.0,911.0697674418604,1731.0
2020-08-07,wp,b7,2342,86,1122.5777777777778,2256,2214.0,245.0,1117.906976744186,1969.0
2020-08-07,wp,b8,2098,266,594.3888888888889,1832,1200.0,331.0,573.7209302325581,869.0
2020-08-07,wp,b9,3948,1772,2723.0333333333333,2176,3870.0,1826.0,2716.6627906976746,2044.0
2020-08-07,wp,b10,1391,235,765.4777777777778,1156,1310.0,289.0,763.3023255813954,1021.0
2020-08-07,wp,b11,794,82,363.52222222222224,712,698.0,129.0,360.01162790697674,569.0
2020-08-07,wp,b12,2619,120,1212.7555555555555,2499,2358.0,298.0,1207.546511627907,2060.0
2020-08-07,zab,b1,1385,383,685.8333333333334,1002,1358.0,386.0,677.6105263157895,972.0
2020-08-07,zab,b2,4920,249,1393.4040404040404,4671,3934.0,421.0,1349.778947368421,3513.0
2020-08-07,zab,b3,4804,373,1538.5353535353536,4431,4168.0,558.0,1498.5736842105264,3610.0
2020-08-07,zab,b4,4516,483,1576.3484848484848,4033,3848.0,611.0,1538.9894736842105,3237.0
2020-08-07,zab,b5,3620,887,1717.8737373737374,2733,3262.0,1021.0,1697.0684210526315,2241.0
2020-08-07,zab,b6,4406,1326,2259.878787878788,3080,3748.0,1447.0,2240.563157894737,2301.0
2020-08-07,zab,b7,4407,1512,2447.722222222222,2895,3853.0,1576.0,2428.436842105263,2277.0
2020-08-07,zab,b8,5234,1175,2330.3333333333335,4059,3938.0,1275.0,2298.4578947368423,2663.0
2020-08-07,zab,b9,4287,2045,2882.419191919192,2242,3945.0,2119.0,2873.257894736842,1826.0
2020-08-07,zab,b10,3984,1386,2674.60101010101,2598,3667.0,1947.0,2668.7368421052633,1720.0
2020-08-07,zab,b11,3741,958,2172.712121212121,2783,3387.0,1357.0,2164.815789473684,2030.0
2020-08-07,zab,b12,4766,1651,2577.3535353535353,3115,4150.0,1761.0,2555.1684210526314,2389.0
2020-08-07,igl,b1,286,140,237.5979381443299,146,261.0,170.0,238.74864864864864,91.0
2020-08-07,igl,b2,301,146,238.82474226804123,155,282.0,183.0,239.2054054054054,99.0
2020-08-07,igl,b3,484,260,379.8273195876289,224,432.0,310.0,380.2837837837838,122.0
2020-08-07,igl,b4,329,157,236.59278350515464,172,286.0,195.0,236.23783783783784,91.0
2020-08-07,igl,b5,699,438,585.4458762886597,261,663.0,504.0,585.9918918918919,159.0
2020-08-07,igl,b6,2025,1315,1689.8170103092784,710,1865.0,1469.0,1691.454054054054,396.0
2020-08-07,igl,b7,2454,1601,2017.3015463917525,853,2225.0,1748.0,2018.7216216216216,477.0
2020-08-07,igl,b8,2525,1520,2035.8762886597938,1005,2285.0,1720.0,2037.6324324324323,565.0
2020-08-07,igl,b9,2704,1786,2166.9484536082473,918,2328.0,1970.0,2167.5972972972972,358.0
2020-08-07,igl,b10,1244,722,950.909793814433,522,1126.0,781.0,950.581081081081,345.0
2020-08-07,igl,b11,619,327,437.4381443298969,292,537.0,359.0,436.5783783783784,178.0
2020-08-07,igl,b12,2636,1697,2187.15206185567,939,2404.0,1945.0,2188.908108108108,459.0
2020-08-07,lisc,b1,238,195,210.78571428571428,43,238,195,210.78571428571428,43
2020-08-07,lisc,b2,283,178,218.6043956043956,105,246.0,189.0,218.3793103448276,57.0
2020-08-07,lisc,b3,455,293,374.5934065934066,162,429.0,331.0,374.4942528735632,98.0
2020-08-07,lisc,b4,268,163,208.8901098901099,105,254.0,177.0,208.632183908046,77.0
2020-08-07,lisc,b5,779,506,648.5879120879121,273,725.0,580.0,648.551724137931,145.0
2020-08-07,lisc,b6,3201,2131,2601.1923076923076,1070,3037.0,2236.0,2599.6264367816093,801.0
2020-08-07,lisc,b7,4208,2646,3333.252747252747,1562,4016.0,2755.0,3330.3505747126437,1261.0
2020-08-07,lisc,b8,4444,2697,3397.631868131868,1747,4108.0,2784.0,3393.1954022988507,1324.0
2020-08-07,lisc,b9,4346,3097,3623.1483516483518,1249,4194.0,3150.0,3619.3390804597702,1044.0
2020-08-07,lisc,b10,1733,1301,1533.9395604395604,432,1702.0,1386.0,1534.4195402298851,316.0
2020-08-07,lisc,b11,705,502,606.8296703296703,203,668.0,556.0,606.9597701149426,112.0
2020-08-07,lisc,b12,4521,3025,3679.8846153846152,1496,4346.0,3098.0,3676.9310344827586,1248.0
2020-09-21,trw,b1,157,65,85.91111111111111,92,157,65,85.91111111111111,92
2020-09-21,trw,b2,332,176,225.86666666666667,156,288.0,189.0,224.80232558139534,99.0
2020-09-21,trw,b3,607,374,470.96666666666664,233,541.0,412.0,470.3953488372093,129.0
2020-09-21,trw,b4,550,251,338.31111111111113,299,417.0,255.0,336.63953488372096,162.0
2020-09-21,trw,b5,1073,779,924.5111111111111,294,1005.0,834.0,924.3953488372093,171.0
2020-09-21,trw,b6,2677,1484,2087.711111111111,1193,2614.0,1608.0,2087.453488372093,1006.0
2020-09-21,trw,b7,3193,1785,2490.8777777777777,1408,3138.0,1924.0,2490.0116279069766,1214.0
2020-09-21,trw,b8,3527,2065,2825.511111111111,1462,3496.0,2247.0,2825.6279069767443,1249.0
2020-09-21,trw,b9,3713,2398,2949.188888888889,1315,3500.0,2442.0,2945.779069767442,1058.0
2020-09-21,trw,b10,2309,1684,1968.9333333333334,625,2191.0,1708.0,1968.093023255814,483.0
2020-09-21,trw,b11,1205,711,923.6111111111111,494,1096.0,723.0,922.7674418604652,373.0
2020-09-21,trw,b12,3633,2281,2927.3888888888887,1352,3493.0,2431.0,2926.279069767442,1062.0
2020-09-21,ws,b1,93,18,45.785714285714285,75,93,18,45.785714285714285,75
2020-09-21,ws,b2,195,93,133.87755102040816,102,190.0,97.0,133.4468085106383,93.0
2020-09-21,ws,b3,300,110,204.9591836734694,190,291.0,125.0,204.9255319148936,166.0
2020-09-21,ws,b4,167,53,113.86734693877551,114,164.0,56.0,114.03191489361703,108.0
2020-09-21,ws,b5,224,48,131.25510204081633,176,222.0,57.0,131.01063829787233,165.0
2020-09-21,ws,b6,146,60,97.24489795918367,86,146,60,97.24489795918367,86
2020-09-21,ws,b7,162,61,110.16326530612245,101,155.0,70.0,110.05319148936171,85.0
2020-09-21,ws,b8,170,68,107.72448979591837,102,153.0,69.0,107.37234042553192,84.0
2020-09-21,ws,b9,379,23,66.12244897959184,356,152.0,26.0,62.03191489361702,126.0
2020-09-21,ws,b10,105,24,47.83673469387755,81,105,24,47.83673469387755,81
2020-09-21,ws,b11,61,1,32.275510204081634,60,61,1,32.275510204081634,60
2020-09-21,ws,b12,158,51,91.88775510204081,107,132.0,57.0,91.5,75.0
2020-09-21,wp,b1,309,40,118.82608695652173,269,234.0,40.0,116.7840909090909,194.0
2020-09-21,wp,b2,248,55,116.26086956521739,193,224.0,61.0,114.81818181818181,163.0
2020-09-21,wp,b3,369,82,168.3695652173913,287,350.0,91.0,165.7840909090909,259.0
2020-09-21,wp,b4,351,62,129.18478260869566,289,322.0,66.0,125.93181818181819,256.0
2020-09-21,wp,b5,819,43,255.1413043478261,776,622.0,55.0,248.0340909090909,567.0
2020-09-21,wp,b6,2017,49,511.10869565217394,1968,1576.0,68.0,491.67045454545456,1508.0
2020-09-21,wp,b7,2557,11,620.3695652173913,2546,1858.0,78.0,595.125,1780.0
2020-09-21,wp,b8,1496,166,386.67391304347825,1330,1271.0,203.0,367.82954545454544,1068.0
2020-09-21,wp,b9,3597,1500,2333.032608695652,2097,3316.0,1592.0,2324.9545454545455,1724.0
2020-09-21,wp,b10,1634,210,547.6413043478261,1424,1005.0,223.0,534.9318181818181,782.0
2020-09-21,wp,b11,841,96,279.85869565217394,745,553.0,117.0,271.40909090909093,436.0
2020-09-21,wp,b12,2849,96,698.1630434782609,2753,2108.0,195.0,671.1022727272727,1913.0
2020-09-21,zab,b1,1187,159,537.9237288135594,1028,1140.0,258.0,533.1842105263158,882.0
2020-09-21,zab,b2,4572,274,1171.8898305084747,4298,3496.0,290.0,1134.201754385965,3206.0
2020-09-21,zab,b3,4188,380,1342.1186440677966,3808,3818.0,437.0,1309.8333333333333,3381.0
2020-09-21,zab,b4,4208,363,1403.8135593220338,3845,3306.0,448.0,1374.701754385965,2858.0
2020-09-21,zab,b5,3330,715,1549.9830508474577,2615,3200.0,860.0,1532.4912280701753,2340.0
2020-09-21,zab,b6,3641,1051,2040.2966101694915,2590,3625.0,1180.0,2029.2631578947369,2445.0
2020-09-21,zab,b7,3638,1233,2237.737288135593,2405,3629.0,1275.0,2230.4736842105262,2354.0
2020-09-21,zab,b8,4617,868,2231.6525423728813,3749,3970.0,1159.0,2215.684210526316,2811.0
2020-09-21,zab,b9,3809,1845,2641.4491525423728,1964,3622.0,1865.0,2634.7631578947367,1757.0
2020-09-21,zab,b10,4010,1131,2429.5169491525426,2879,3601.0,1543.0,2424.3596491228072,2058.0
2020-09-21,zab,b11,3804,821,2064.364406779661,2983,3259.0,1165.0,2055.815789473684,2094.0
2020-09-21,zab,b12,3656,1265,2344.915254237288,2391,3563.0,1415.0,2340.4210526315787,2148.0
2020-09-21,igl,b1,133,37,76.47413793103448,96,133,37,76.47413793103448,96
2020-09-21,igl,b2,230,111,175.99137931034483,119,227.0,127.0,176.11607142857142,100.0
2020-09-21,igl,b3,380,224,303.58620689655174,156,377.0,231.0,303.63392857142856,146.0
2020-09-21,igl,b4,262,122,190.20689655172413,140,238.0,141.0,190.14285714285714,97.0
2020-09-21,igl,b5,554,388,476.8189655172414,166,545.0,417.0,476.86607142857144,128.0
2020-09-21,igl,b6,1638,1175,1456.9137931034484,463,1612.0,1308.0,1458.0892857142858,304.0
2020-09-21,igl,b7,2037,1388,1768.3103448275863,649,1964.0,1584.0,1769.2410714285713,380.0
2020-09-21,igl,b8,2198,1328,1898.8879310344828,870,2164.0,1594.0,1902.1607142857142,570.0
2020-09-21,igl,b9,2152,1697,1944.551724137931,455,2085.0,1836.0,1944.3125,249.0
2020-09-21,igl,b10,1004,661,815.0086206896551,343,956.0,671.0,814.8035714285714,285.0
2020-09-21,igl,b11,474,295,376.08620689655174,179,462.0,315.0,375.625,147.0
2020-09-21,igl,b12,2166,1618,1929.5775862068965,548,2130.0,1724.0,1930.4107142857142,406.0
2020-09-21,lisc,b1,100,31,65.13888888888889,69,100,31,65.13888888888889,69
2020-09-21,lisc,b2,250,114,179.62962962962962,136,235.0,120.0,179.53846153846155,115.0
2020-09-21,lisc,b3,402,231,320.99074074074076,171,383.0,241.0,321.24038461538464,142.0
2020-09-21,lisc,b4,344,147,230.4351851851852,197,330.0,150.0,229.97115384615384,180.0
2020-09-21,lisc,b5,776,438,613.3981481481482,338,752.0,487.0,613.7019230769231,265.0
2020-09-21,lisc,b6,2477,1306,1833.7037037037037,1171,2370.0,1401.0,1831.2115384615386,969.0
2020-09-21,lisc,b7,3255,1598,2304.8333333333335,1657,3167.0,1720.0,2300.0384615384614,1447.0
2020-09-21,lisc,b8,3732,1777,2600.472222222222,1955,3628.0,1963.0,2593.721153846154,1665.0
2020-09-21,lisc,b9,3568,2138,2686.296296296296,1430,3452.0,2192.0,2680.298076923077,1260.0
2020-09-21,lisc,b10,1914,1201,1554.287037037037,713,1852.0,1221.0,1554.3076923076924,631.0
2020-09-21,lisc,b11,954,511,695.9907407407408,443,908.0,528.0,694.7019230769231,380.0
2020-09-21,lisc,b12,3685,2036,2698.1666666666665,1649,3554.0,2122.0,2692.298076923077,1432.0
2020-10-06,trw,b1,149,71,113.52222222222223,78,149,71,113.52222222222223,78
2020-10-06,trw,b2,280,156,221.15555555555557,124,271.0,171.0,221.1860465116279,100.0
2020-10-06,trw,b3,590,344,475.75555555555553,246,547.0,380.0,476.22093023255815,167.0
2020-10-06,trw,b4,642,376,485.4888888888889,266,602.0,386.0,484.72093023255815,216.0
2020-10-06,trw,b5,1150,819,1007.7888888888889,331,1138.0,865.0,1008.8488372093024,273.0
2020-10-06,trw,b6,2285,1247,1744.1666666666667,1038,2264.0,1357.0,1743.046511627907,907.0
2020-10-06,trw,b7,2534,1478,2028.6666666666667,1056,2522.0,1582.0,2029.4418604651162,940.0
2020-10-06,trw,b8,2777,1781,2279.2555555555555,996,2742.0,1842.0,2279.6627906976746,900.0
2020-10-06,trw,b9,3002,1922,2521.9555555555557,1080,2975.0,2121.0,2523.5116279069766,854.0
2020-10-06,trw,b10,2528,1821,2288.1111111111113,707,2487.0,1947.0,2292.0348837209303,540.0
2020-10-06,trw,b11,1393,841,1184.0666666666666,552,1332.0,916.0,1186.5348837209303,416.0
2020-10-06,trw,b12,2965,1950,2496.3555555555554,1015,2914.0,2028.0,2498.453488372093,886.0
2020-10-06,ws,b1,29,0,11.784090909090908,29,29,0,11.784090909090908,29
2020-10-06,ws,b2,95,24,56.95454545454545,71,95,24,56.95454545454545,71
2020-10-06,ws,b3,162,110,134.9318181818182,52,162,110,134.9318181818182,52
2020-10-06,ws,b4,93,61,76.2840909090909,32,93,61,76.2840909090909,32
2020-10-06,ws,b5,113,53,76.9659090909091,60,113,53,76.9659090909091,60
2020-10-06,ws,b6,73,10,35.21590909090909,63,73,10,35.21590909090909,63
2020-10-06,ws,b7,94,16,44.69318181818182,78,94,16,44.69318181818182,78
2020-10-06,ws,b8,82,19,46.18181818181818,63,82,19,46.18181818181818,63
2020-10-06,ws,b9,1271,0,51.09090909090909,1271,271.0,0.0,30.238095238095237,271.0
2020-10-06,ws,b10,68,15,32.89772727272727,53,68,15,32.89772727272727,53
2020-10-06,ws,b11,53,1,24.545454545454547,52,53,1,24.545454545454547,52
2020-10-06,ws,b12,85,6,34.43181818181818,79,85,6,34.43181818181818,79
2020-10-06,wp,b1,208,9,107.20754716981132,199,189.0,46.0,107.33333333333333,143.0
2020-10-06,wp,b2,172,14,85.60377358490567,158,147.0,31.0,85.16666666666667,116.0
2020-10-06,wp,b3,386,75,202.00943396226415,311,348.0,106.0,200.87254901960785,242.0
2020-10-06,wp,b4,324,66,163.4811320754717,258,249.0,81.0,162.92156862745097,168.0
2020-10-06,wp,b5,1205,0,297.35849056603774,1205,685.0,103.0,289.2352941176471,582.0
2020-10-06,wp,b6,1930,0,435.91509433962267,1930,1765.0,1.0,416.5980392156863,1764.0
2020-10-06,wp,b7,2550,1,529.122641509434,2549,1961.0,42.0,503.80392156862746,1919.0
2020-10-06,wp,b8,1779,132,339.7169811320755,1647,1202.0,160.0,318.9019607843137,1042.0
2020-10-06,wp,b9,3527,921,2297.5471698113206,2606,3526.0,1373.0,2300.4313725490197,2153.0
2020-10-06,wp,b10,1784,157,586.7924528301887,1627,1394.0,160.0,574.7941176470588,1234.0
2020-10-06,wp,b11,1111,89,313.0660377358491,1022,708.0,101.0,305.53921568627453,607.0
2020-10-06,wp,b12,2632,1,613.7924528301887,2631,2191.0,25.0,588.1274509803922,2166.0
2020-10-06,zab,b1,1745,170,437.2549019607843,1575,1435.0,184.0,419.0612244897959,1251.0
2020-10-06,zab,b2,7956,83,1213.6274509803923,7873,5380.0,201.0,1104.061224489796,5179.0
2020-10-06,zab,b3,8072,342,1381.1274509803923,7730,5972.0,357.0,1272.5204081632653,5615.0
2020-10-06,zab,b4,8304,190,1420.2450980392157,8114,6600.0,362.0,1309.8469387755101,6238.0
2020-10-06,zab,b5,5477,613,1505.8725490196077,4864,5250.0,658.0,1443.9897959183672,4592.0
2020-10-06,zab,b6,6070,774,2044.4411764705883,5296,4511.0,1124.0,2001.234693877551,3387.0
2020-10-06,zab,b7,5415,833,2183.4117647058824,4582,4810.0,1109.0,2146.3469387755104,3701.0
2020-10-06,zab,b8,7537,809,2266.7843137254904,6728,6720.0,981.0,2187.6632653061224,5739.0
2020-10-06,zab,b9,3539,1656,2654.0,1883,3369.0,1889.0,2656.316326530612,1480.0
2020-10-06,zab,b10,6075,1108,2424.529411764706,4967,5259.0,1379.0,2379.6020408163267,3880.0
2020-10-06,zab,b11,6279,723,1943.686274509804,5556,4846.0,949.0,1880.6632653061224,3897.0
2020-10-06,zab,b12,5735,1072,2379.6666666666665,4663,4487.0,1253.0,2342.8469387755104,3234.0
2020-10-06,igl,b1,96,28,53.46938775510204,68,96,28,53.46938775510204,68
2020-10-06,igl,b2,184,68,126.8061224489796,116,176.0,82.0,126.69148936170212,94.0
2020-10-06,igl,b3,389,207,290.3469387755102,182,364.0,215.0,290.09574468085106,149.0
2020-10-06,igl,b4,311,147,193.9591836734694,164,280.0,148.0,192.7872340425532,132.0
2020-10-06,igl,b5,637,337,517.3673469387755,300,630.0,402.0,518.0531914893617,228.0
2020-10-06,igl,b6,1943,1177,1558.2755102040817,766,1879.0,1289.0,1557.9574468085107,590.0
2020-10-06,igl,b7,2236,1344,1837.4591836734694,892,2199.0,1544.0,1838.659574468085,655.0
2020-10-06,igl,b8,2439,1456,1941.4591836734694,983,2382.0,1551.0,1940.6382978723404,831.0
2020-10-06,igl,b9,2351,1733,2047.8469387755101,618,2312.0,1862.0,2046.8617021276596,450.0
2020-10-06,igl,b10,1031,590,806.530612244898,441,967.0,676.0,806.4148936170212,291.0
2020-10-06,igl,b11,507,210,360.0204081632653,297,445.0,286.0,359.97872340425533,159.0
2020-10-06,igl,b12,2420,1357,2019.5510204081634,1063,2383.0,1676.0,2022.0851063829787,707.0
2020-10-06,lisc,b1,97,31,58.47115384615385,66,97,31,58.47115384615385,66
2020-10-06,lisc,b2,199,76,137.75,123,187.0,84.0,137.72,103.0
2020-10-06,lisc,b3,417,207,305.08653846153845,210,384.0,245.0,304.73,139.0
2020-10-06,lisc,b4,327,140,225.83653846153845,187,318.0,162.0,225.36,156.0
2020-10-06,lisc,b5,810,503,621.6153846153846,307,758.0,531.0,620.39,227.0
2020-10-06,lisc,b6,2334,1289,1849.3942307692307,1045,2264.0,1367.0,1851.39,897.0
2020-10-06,lisc,b7,2916,1563,2271.9615384615386,1353,2771.0,1642.0,2273.38,1129.0
2020-10-06,lisc,b8,3484,1578,2488.3365384615386,1906,3112.0,1716.0,2488.15,1396.0
2020-10-06,lisc,b9,3260,2057,2684.2884615384614,1203,3076.0,2149.0,2685.61,927.0
2020-10-06,lisc,b10,1846,1265,1525.4807692307693,581,1702.0,1320.0,1524.37,382.0
2020-10-06,lisc,b11,909,590,696.8461538461538,319,836.0,599.0,694.96,237.0
2020-10-06,lisc,b12,3363,1934,2657.471153846154,1429,3214.0,2046.0,2658.84,1168.0
